Job Title,Description
Python Developer,Develops software using the Python programming language.
Data Scientist,Analyzes and interprets complex data to solve problems using statistical techniques and machine learning algorithms.
Machine Learning Engineer,Designs and implements machine learning models and algorithms to enable machines to learn and make decisions.
Web Developer,Creates and maintains websites web applications and web services using programming languages such as HTML CSS and JavaScript.
Java Developer,Develops software applications using the Java programming language.
Android Developer,Builds applications for Android mobile devices using Java or Kotlin programming languages.
Software Engineer,Designs develops and tests software applications and systems to meet specific requirements.
Backend Developer,Builds and maintains the server-side logic of web applications and software systems.
JavaScript Developer,Creates interactive and dynamic user interfaces for web applications using JavaScript.
Full-stack Developer,Develops both client-side and server-side software components for web applications.
Frontend Developer,Creates user interfaces for web applications using HTML CSS and JavaScript.
Node.js Developer,Builds server-side applications using Node.js a JavaScript runtime environment.
C++ Developer,Develops software applications using the C++ programming language.
Game Developer,Creates interactive games for various platforms including consoles mobile devices and computers.
Systems Programmer,Develops low-level software for computer systems and embedded devices.
.NET Developer,Builds software applications using the .NET framework and related technologies.
Swift Developer,Builds applications for iOS mobile devices using the Swift programming language.
iOS Developer,Builds applications for iOS mobile devices using Swift or Objective-C programming languages.
Mobile App Developer,Develops applications for mobile devices such as smartphones and tablets.
Go Developer,Develops software applications using the Go programming language.
Cloud Engineer,Designs and implements cloud-based infrastructure and services for applications and systems.
Ruby Developer,Develops web applications and software solutions using the Ruby programming language.
PHP Developer,Builds dynamic web applications and websites using the PHP programming language.
Rust Developer,Develops fast and memory-efficient software applications using the Rust programming language.
Kotlin Developer,Builds applications for Android mobile devices using the Kotlin programming language.
TypeScript Developer,Develops web applications using TypeScript a typed superset of JavaScript.
Perl Developer,Develops software solutions using the Perl programming language.
Scripting Engineer,Creates scripts and automation tools to streamline processes and tasks.
Scala Developer,Develops scalable and high-performance software applications using the Scala programming language.
Big Data Engineer,Designs and implements solutions for processing and analyzing large volumes of data.
Lua Developer,Develops embedded systems games and other applications using the Lua programming language.
R Developer,Uses the R programming language for statistical computing and data analysis.
Data Analyst,Analyzes data to provide insights and support decision-making processes.
Haskell Developer,Develops software using the Haskell programming language known for its strong typing and functional programming features.
Functional Programmer,Writes programs using functional programming paradigms emphasizing immutability and higher-order functions.
Researcher,Conducts research in various fields such as science technology engineering and mathematics (STEM).
Dart Developer,Develops applications for mobile and web platforms using the Dart programming language.
Flutter Developer,Builds cross-platform mobile applications using the Flutter framework and Dart programming language.
MATLAB Developer,Uses MATLAB for numerical computing data analysis and algorithm development.
Lisp Developer,Develops software using Lisp a family of programming languages known for their unique syntax and powerful macro system.
AI Developer,Creates artificial intelligence algorithms and systems that mimic human intelligence and behavior.
SQL Developer,Writes and maintains SQL queries and scripts for managing and querying relational databases.
Database Administrator,Manages and maintains databases including installation configuration backup and recovery.
HTML Developer,Creates and structures web pages using HTML (Hypertext Markup Language).
UI/UX Designer,Designs user interfaces and user experiences for digital products such as websites and mobile applications.
CSS Developer,Styles and enhances the visual appearance of web pages using CSS (Cascading Style Sheets).
Bash Developer,Writes shell scripts using the Bash (Bourne Again Shell) scripting language for automating tasks on Unix-like operating systems.
DevOps Engineer,Implements and manages tools and practices that automate software development testing and deployment processes.
Embedded Systems Engineer,Designs and develops software for embedded systems such as microcontrollers and IoT (Internet of Things) devices.
Assembly Language Developer,Writes low-level code using assembly language for programming embedded systems and optimizing performance-critical applications.
Low-level Programmer,Develops software at the lowest level of abstraction often working directly with hardware and system resources.
Clojure Developer,Develops software using Clojure a modern Lisp dialect that runs on the Java Virtual Machine (JVM).
F# Developer,Develops software using F# a functional-first programming language for the .NET platform.
Julia Developer,Uses Julia for high-performance numerical and scientific computing tasks such as data analysis and machine learning.
Erlang Developer,Develops concurrent and distributed systems using Erlang a programming language designed for fault-tolerant and scalable applications.
Concurrent Programming Specialist,Designs and implements concurrent and parallel algorithms and systems for multi-core and distributed environments.
Groovy Developer,Develops software using Groovy a dynamic scripting language that runs on the Java Virtual Machine (JVM).
Communications Specialist,Creates content and messaging to effectively communicate with internal and external stakeholders.
Quality Assurance Engineer,Tests software applications and systems to ensure they meet quality standards and functional requirements.
Problem Solver,Analyzes problems and develops effective solutions using critical thinking and problem-solving skills.
Freelancer,Works independently on a project basis for various clients or companies providing services such as software development design or consulting.
Technical Expert,Possesses deep knowledge and expertise in a specific area such as programming languages frameworks or technologies.
Debugging Specialist,Identifies and fixes errors and defects in software applications using debugging tools and techniques.
Troubleshooting Expert,Diagnoses and resolves technical issues and problems in software hardware or systems.
Testing Specialist,Plans designs and executes test cases and scenarios to validate software functionality performance and reliability.
Version Control Specialist,Manages and maintains version control systems such as Git to track changes and collaborate on software development projects.
Agile Practitioner,Adopts and implements agile methodologies and practices to manage and deliver software projects more efficiently and effectively.
Scrum Master,Facilitates and leads agile development teams using the Scrum framework ensuring adherence to agile principles and practices.
Project Manager,Plans executes and oversees software development projects from initiation to completion ensuring delivery on time and within budget.
Presentation Specialist,Creates and delivers compelling presentations and demonstrations to communicate ideas proposals or project updates effectively.
Technical Writer,Creates documentation guides manuals and other technical content to support software products and services.
Documentation Specialist,Creates and maintains documentation including requirements documents design specifications and user manuals for software projects.
Academic,Engages in teaching research and scholarship in academic institutions contributing to the advancement of knowledge and education in various fields.
Scientist,Conducts scientific research experiments and investigations to discover new knowledge develop theories or solve problems in scientific disciplines.
Problem Identifier,Identifies and articulates problems challenges or opportunities that require attention analysis or resolution.
Problem Framer,Defines and structures problems ensuring clarity and understanding.
Decision Maker,Makes decisions and choices based on analysis evaluation and judgment often in leadership or managerial roles.
Customer Service Representative,Provides assistance support and solutions to customers inquiries complaints or issues regarding products or services.
Support Engineer,Offers technical assistance troubleshooting and problem resolution to customers or end-users of software hardware or systems.
Sales Engineer,Provides technical expertise and support to sales teams in selling complex technical products or solutions to customers.
User Experience Specialist,Designs and evaluates the user experience of digital products such as websites and applications focusing on usability and user satisfaction.
NLP Engineer,Develops natural language processing (NLP) algorithms and systems that enable computers to understand and interact with human language.
Computational Linguist,Applies computational techniques and methods to analyze and model human language and linguistic phenomena.
VR Developer,Creates virtual reality (VR) experiences and applications for immersive storytelling gaming simulation or training purposes.
AR Developer,Builds augmented reality (AR) applications and experiences that overlay digital content onto the real world through mobile devices or smart glasses.
Computer Vision Engineer,Develops computer vision algorithms and systems that enable machines to interpret and analyze visual information from images or videos.
GIS Developer,Designs and develops geographic information systems (GIS) software applications for capturing storing analyzing and visualizing spatial data.
Geospatial Analyst,Analyzes geospatial data to extract meaningful insights patterns or trends for various applications such as urban planning environmental management or disaster response.
Cartographer,Creates maps charts and visual representations of geographic data using cartographic principles and techniques.
Quantum Computing Scientist,Researches and develops algorithms and systems for quantum computing leveraging the principles of quantum mechanics for computation.
Quantum Physicist,Studies and investigates the fundamental principles and phenomena of quantum mechanics including quantum states superposition and entanglement.
Quantum Engineer,Designs and builds hardware and software components for quantum computing systems including quantum processors qubits and quantum circuits.
Fintech Developer,Develops software applications and solutions for the financial technology (fintech) industry including banking payments investments and cryptocurrencies.
Quantitative Analyst,Uses mathematical and statistical techniques to analyze financial data and markets and make data-driven investment decisions or predictions.
Financial Engineer,Applies engineering and quantitative methods to design develop and analyze financial products models and strategies.
HCI Specialist,Focuses on human-computer interaction (HCI) studying how people interact with computers and designing user interfaces that are intuitive efficient and enjoyable.
UX Researcher,Conducts research to understand user behaviors needs and preferences to inform the design and improvement of user experiences for digital products.
Compiler Engineer,Designs develops and maintains compilers and related tools that translate high-level programming languages into executable machine code.
Language Designer,Creates programming languages or extends existing languages designing syntax semantics and features to meet specific needs or objectives.
Graphic Designer,Creates visual concepts and designs for digital and print media including logos websites advertisements and marketing materials.

